{"name":"76880743-6534-4b53-b47c-3bade02265b2","id":"/providers/Microsoft.Flow/flows/76880743-6534-4b53-b47c-3bade02265b2","type":"Microsoft.Flow/flows","properties":{"apiId":"/providers/Microsoft.PowerApps/apis/shared_logicflows","displayName":"PCF - FrameWork Sample","definition":{"metadata":{"workflowEntityId":null,"processAdvisorMetadata":null,"flowChargedByPaygo":null,"flowclientsuspensionreason":"None","flowclientsuspensiontime":null,"flowclientsuspensionreasondetails":null,"creator":{"id":"ecb20850-8597-4dc6-adcf-fa58e3b585bf","type":"User","tenantId":"29448a19-34d5-4019-acf2-b6f544f949b4"},"provisioningMethod":"FromDefinition","failureAlertSubscription":true,"clientLastModifiedTime":"2023-08-01T15:16:29.7964972Z"},"$schema":"https://schema.management.azure.com/providers/Microsoft.Logic/schemas/2016-06-01/workflowdefinition.json#","contentVersion":"1.0.0.0","parameters":{"$authentication":{"defaultValue":{},"type":"SecureObject"}},"triggers":{"manual":{"metadata":{"operationMetadataId":"b8e84478-dc61-4606-825f-d41bfef7881d"},"type":"Request","kind":"Http","inputs":{"method":"GET"}}},"actions":{"Initialize_variable:_Manifest.json":{"runAfter":{"Initialize_variable:_Referer":["Succeeded"]},"metadata":{"operationMetadataId":"5f2fd46f-ce5f-4f9a-8eea-d504fc6eff16"},"type":"InitializeVariable","inputs":{"variables":[{"name":"Manifest","type":"string","value":"{\n  \"name\": \"My PCA Sample App\",\n  \"short_name\": \"PCA Sample App\",\n  \"start_url\": \"@{variables('Referer')}\",\n  \"display\": \"standalone\",\n  \"background_color\": \"#000000\",\n  \"theme_color\": \"#ffffff\",\n  \"icons\": [\n    {\n      \"src\": \"https://drive.google.com/uc?export=view&id=15EV9MhIo7rBlSLqlm2dOf21Oc6qvLcAn\",\n      \"type\": \"image/png\",\n      \"sizes\": \"192x192\"\n    },\n    {\n      \"src\": \"https://drive.google.com/uc?export=view&id=15EV9MhIo7rBlSLqlm2dOf21Oc6qvLcAn\",\n      \"type\": \"image/png\",\n      \"sizes\": \"512x512\"\n    }\n  ]\n}"}]}},"Initialize_variable:_ServiceWorker.js":{"runAfter":{"Initialize_variable:_Manifest.json":["Succeeded"]},"metadata":{"operationMetadataId":"789ddab5-13fe-447d-a6c6-f0417adc0388"},"type":"InitializeVariable","inputs":{"variables":[{"name":"ServiceWorker","type":"string","value":"// This is the \"Offline page\" service worker\n\nimportScripts('https://storage.googleapis.com/workbox-cdn/releases/5.1.2/workbox-sw.js');\n\nconst CACHE = \"pwabuilder-page\";\n\n// TODO: replace the following with the correct offline fallback page i.e.: const offlineFallbackPage = \"offline.html\";\nconst offlineFallbackPage = \"ToDo-replace-this-name.html\";\n\nself.addEventListener(\"message\", (event) => {\n  if (event.data && event.data.type === \"SKIP_WAITING\") {\n    self.skipWaiting();\n  }\n});\n\nself.addEventListener('install', async (event) => {\n  event.waitUntil(\n    caches.open(CACHE)\n      .then((cache) => cache.add(offlineFallbackPage))\n  );\n});\n\nif (workbox.navigationPreload.isSupported()) {\n  workbox.navigationPreload.enable();\n}\n\nself.addEventListener('fetch', (event) => {\n  if (event.request.mode === 'navigate') {\n    event.respondWith((async () => {\n      try {\n        const preloadResp = await event.preloadResponse;\n\n        if (preloadResp) {\n          return preloadResp;\n        }\n\n        const networkResp = await fetch(event.request);\n        return networkResp;\n      } catch (error) {\n\n        const cache = await caches.open(CACHE);\n        const cachedResp = await cache.match(offlineFallbackPage);\n        return cachedResp;\n      }\n    })());\n  }\n});"}]}},"Initialize_variable:_CSS":{"runAfter":{"Condition":["Succeeded"]},"metadata":{"operationMetadataId":"47a29090-4c99-4fa9-98d3-ff1502c715d7"},"type":"InitializeVariable","inputs":{"variables":[{"name":"CSS","type":"string","value":"<style>\n::placeholder{color:#fff;opacity:1}.valid_email{width:100%;border:none;border-bottom:2px solid #fff;outline:0;color:#fff;padding:7px 0;background:0 0;transition:border-color .2s;border-color:green}.invalid_email{width:100%;border:none;border-bottom:2px solid #fff;outline:0;color:#fff;padding:7px 0;background:0 0;transition:border-color .2s;border-color:red}*{margin:0;padding:0;list-style:none;text-decoration:none;box-sizing:border-box}.banner{height:14vh;background:red;padding-bottom:1vh;width:100%}.pill_tag_active{background-color:green;border:none;color:#fff;padding:10px 20px;text-align:center;text-decoration:none;display:inline-block;margin:1vh;border-radius:100px}h1{font-family:Lato,sans-serif;font-weight:500;font-size:1.6rem}p{font-family:Lato,sans-serif;font-weight:500;font-size:1.3rem}.logo{text-align:center;display:flex;justify-content:center;font-family:Lato,sans-serif;font-weight:500;color:#fff;font-size:2.3rem;padding-top:10px}.description{font-family:Lato,sans-serif;font-weight:500;font-size:1.2rem;padding:10px}.container{height:100vh;display:flex;place-items:center;background-repeat:no-repeat;background-attachment:fixed;background-position:center;background-size:cover;justify-content:center;overflow:hidden;flex-direction:column}.container:nth-child(1){margin-top:0}.container p{text-align:center;color:#fff}.container button{color:#fff}.container-1{background-image:url(https://drive.google.com/uc?export=view&id=1wwDwyxlo9QKZh-BfyWphYxTMoXyOh6pz)}.button{border:none;color:#fff;padding:10px 32px;text-align:center;text-decoration:none;display:inline-block;font-size:16px;margin:15px;cursor:pointer;border-radius:25px;font-weight:600;box-shadow:0 0 2px #fff,0 0 10px #fff,0 0 20px #0ba9ca,0 0 30px #0ba9ca,0 0 40px #0ba9ca,0 0 50px #0ba9ca}.inner-content{display:flex;flex-direction:column;justify-content:center;align-items:center;align-content:center;height:100%;width:100%}.header{height:14vh;padding-bottom:1vh;width:100%}.sent{height:60vh;width:80%;display:flex;flex-direction:column;justify-content:center}.sharedbackground{background:linear-gradient(-45deg,rgba(238,119,82,.9),rgba(231,60,126,.9),rgba(35,166,213,.9),rgba(35,213,171,.9));background-size:400% 400%;animation:gradient 15s ease infinite}.sent_text_heading{text-align:center;display:flex;justify-content:center;font-family:Lato,sans-serif;font-weight:500;color:#fff;font-size:1.5rem;padding-top:5px}.sent_text_footer{text-align:center;display:flex;justify-content:center;font-family:Lato,sans-serif;font-weight:500;color:#fff;font-size:1.2rem;padding-top:5px}img.socials{display:flex;justify-content:center;margin:15px;width:40px}@media only screen and (max-width:600px){img{display:block;width:70vw;margin:auto}}@media only screen and (max-width:600px){img.socials{margin:10px;width:40px}}input{outline:0;border-width:0 0 2px;border-color:#00f display: grid;text-align:center;font-family:Lato,sans-serif;font-weight:500;font-size:1.2rem}.emoji_small{font-size:3.2rem}.sticky{position:fixed;top:0;width:100%}.sticky{padding-top:102px}@keyframes gradient{0%{background-position:0 50%}50%{background-position:100% 50%}100%{background-position:0 50%}}nav ul li a{color:#fff;text-decoration:none}nav ul>li{padding:15px;display:inline-block;transition:all .3s ease;margin-left:-5px}nav ul>li:not(:last-of-type):hover{background-color:#222}nav ul>li:first-of-type{background-color:#222}nav ul>li:last-of-type{float:right}nav ul>li:last-of-type a .fa{font-size:21px}nav ul>li:last-of-type{position:relative;display:none}nav ul>ol{position:absolute;right:0;background:#333;text-align:center;list-style:none;display:none}nav ul>ol>li{width:100vw;color:#fff;margin:0;padding:0;padding-top:10px;padding-bottom:10px;transition:all .3s ease}nav ul>ol>li:hover a{margin:20px}nav ul>ol>li:hover{background:linear-gradient(-45deg,rgba(238,119,82,1),rgba(231,60,126,1),rgba(35,166,213,1),rgba(35,213,171,1));cursor:pointer}nav ul input{opacity:.7;padding:5px;flot:right;display:none}@media screen and (max-width:600px){nav ul>li:not(:first-child){display:none}nav ul>li:last-of-type{display:block}nav ul input{display:inline}}@media screen and (min-width:600px){nav ul>ol>li{display:none}}nav{position:fixed;top:0;left:0;width:100%;z-index:10}.card{--background:linear-gradient(to left, #f7ba2b 0%, #ea5358 100%);width:85vw;height:60vh;max-width:400px;max-height:600px;padding:5px;border-radius:1rem;overflow:visible;background:#f7ba2b;background:var(--background);position:relative;z-index:1}.card::after{position:absolute;content:\"\";top:30px;left:0;right:0;z-index:-1;height:100%;width:100%;transform:scale(.8);filter:blur(25px);background:#f7ba2b;background:var(--background);transition:opacity .5s}.card-info{--color:#181818;background-image:url(https://drive.google.com/uc?export=view&id=1KhAvdl8PCrRH15RRi-rIsvadD63hPYOJ),url(https://drive.google.com/uc?export=view&id=1Z8Tye124eWlehyX3L-QwCc90AkOTASaA),linear-gradient(125deg,#ff008450 15%,#fca40040 30%,#ffff0030 40%,#00ff8a20 60%,#00cfff40 70%,#cc4cfa50 85%);color:var(--color);display:flex;justify-content:center;align-items:center;width:100%;height:100%;overflow:visible;border-radius:.7rem}.back .card-info{background:#000}.card .title{font-weight:700;letter-spacing:.1em}.card:hover::after{opacity:0}.card:hover .card-info{color:#f7ba2b;transition:color 1s}.flip{-webkit-transform-style:preserve-3d;-ms-transform-style:preserve-3d;-o-transform-style:preserve-3d;transform-style:preserve-3d;-webkit-transition:2.2s;-o-transition:2.2s;transition:2.2s;margin-top:30px;margin-bottom:20px;border-radius:1rem;box-shadow:0 0 2px #fff,0 0 10px #fff,0 0 20px #0ba9ca,0 0 30px #0ba9ca,0 0 40px #0ba9ca,0 0 50px #0ba9ca}.flip .back,.flip .front{display:flex;flex-direction:column}.flip .back{-webkit-transform:rotateY(-180deg);position:absolute;top:0;left:0;right:0;bottom:0}.flip h2,.flip p{-webkit-transform:translateZ(90px);transform:translateZ(90px);text-shadow:0 0 3px #000;text-align:center}.flip h2{font-size:1.6em;color:#fff;letter-spacing:1px;padding:5px}h3{font-size:1.4em;color:#fff;letter-spacing:1px;padding:5px;text-align:center}.flip p{font-size:1em;color:#eee;line-height:1.6em}.flip::before .flip::after{content:\"\";top:0;left:0;right:0;bottom:0;background-position:center center;background-repeat:no-repeat;background-size:cover;-webkit-transform:rotateY(-180deg) translateZ(1px)}.flip::before{-webkit-transform:none;background-position:center center;background-repeat:no-repeat;background-size:cover}.footer{width:94vw;max-width:550px;--border-radius:15px;--border-width:4px;appearance:none;position:relative;padding:1em 2em;border:0;background:#050516;font-size:18px;font-weight:500;color:#fff;z-index:2;border-radius:15px}.footer::after{--m-i:linear-gradient(#000, #000);--m-o:content-box,padding-box;content:\"\";position:absolute;left:0;top:0;width:100%;height:100%;padding:var(--border-width);border-radius:var(--border-radius);background-image:conic-gradient(\n\t\t\t\t#488cfb,\t\t\t\t#29dbbc,\t\t\t\t#ddf505,\t\t\t\t#ff9f0e,\t\t\t\t#e440bb,\t\t\t\t#655adc,\t\t\t\t#488cfb\n\t\t\t);-webkit-mask-image:var(--m-i),var(--m-i);mask-image:var(--m-i),var(--m-i);-webkit-mask-origin:var(--m-o);mask-origin:var(--m-o);-webkit-mask-clip:var(--m-o);mask-composite:exclude;-webkit-mask-composite:destination-out;filter:hue-rotate(0);animation:rotate-hue linear 3s infinite;animation-play-state:paused}@keyframes rotate-hue{to{filter:hue-rotate(1turn)}}.footer,.footer::after{box-sizing:border-box;animation-play-state:running}.footer:active{--border-width:5px}.footer-content{display:flex;flex-wrap:nowrap;flex-direction:row;justify-content:center;align-items:center}.modal{display:none;position:fixed;z-index:1;padding-top:10vh;left:0;top:0;width:100%;height:100%;overflow:auto;background-color:#000;background-color:rgba(0,0,0,.4);z-index:5}.modal-content{background-color:#fefefe;margin:auto;padding:20px;border:1px solid #888;width:90%;height:80%;background:#07182e;border-radius:20px;overflow:hidden;position:relative;display:flex;place-content:center;place-items:center;overflow:hidden;border-radius:20px;flex-direction:column;box-shadow:0 0 2px #fff,0 0 10px #fff,0 0 20px #0ba9ca,0 0 30px #0ba9ca,0 0 40px #0ba9ca,0 0 50px #0ba9ca}.modal-content:before{content:'';width:100px;position:absolute;background-image:linear-gradient(180deg,#00b7ff,#ff30ff);height:200%;animation:rotBGimg 3s linear infinite;transition:all .2s linear}@keyframes rotBGimg{from{transform:rotate(0)}to{transform:rotate(360deg)}}.modal-content:after{content:'';position:absolute;background:#07182e;inset:5px;border-radius:15px}.modal-inner-content{display:flex;flex-direction:column;justify-content:flex-start;align-items:center;height:80%;z-index:1;overflow-y:auto}.modal-inner-content-button{display:flex;flex-direction:column;align-content:center;justify-content:center;z-index:1}.form__group{position:relative;padding:20px 0 0;margin-top:10px;width:100%;max-width:180px}.form__field{font-family:inherit;width:100%;border:none;border-bottom:2px solid #fff;outline:0;font-size:17px;color:#fff;padding:7px 0;background:0 0;transition:border-color .2s}.form__field::placeholder{color:transparent}.form__field:placeholder-shown~.form__label{font-size:17px;cursor:text;top:20px}.form__label{position:absolute;top:0;display:block;transition:.2s;font-size:17px;color:#fff;pointer-events:none}.form__field:focus{padding-bottom:6px;font-weight:700;border-width:3px;border-image:linear-gradient(to right,#fff,gold);border-image-slice:1}.form__field:focus~.form__label{position:absolute;top:0;display:block;transition:.2s;font-size:17px;color:#fff;font-weight:700}.form__field:invalid,.form__field:required{box-shadow:none}#overlay{position:fixed;width:100%;height:100%;top:0;left:0;right:0;bottom:0;background-color:rgba(103,106,103,1);z-index:11;cursor:pointer;display:flex;justify-content:center;align-items:center}.loader{width:180px;height:170px;position:relative;font-family:inherit}.loader::after,.loader::before{content:\"\";width:0;height:0;position:absolute;bottom:30px;left:15px;z-index:1;border-left:50px solid transparent;border-right:50px solid transparent;border-bottom:20px solid #1b2a33;transform:scale(0);transition:all .2s ease}.loader::after{border-right:15px solid transparent;border-bottom:20px solid #162229}.loader .getting-there{width:120%;text-align:center;position:absolute;bottom:0;left:-7%;font-size:12px;letter-spacing:2px;color:#fff}.loader .binary{width:100%;height:140px;display:block;color:#fff;position:absolute;top:0;left:15px;z-index:2;overflow:hidden}.loader .binary::after,.loader .binary::before{font-family:Lato;font-size:24px;position:absolute;top:0;left:0;opacity:0}.loader .binary:nth-child(1)::before{content:\"0\";animation:a 1.1s linear infinite}.loader .binary:nth-child(1)::after{content:\"0\";animation:b 1.3s linear infinite}.loader .binary:nth-child(2)::before{content:\"1\";animation:c .9s linear infinite}.loader .binary:nth-child(2)::after{content:\"1\";animation:d .7s linear infinite}.loader.JS_on::after,.loader.JS_on::before{transform:scale(1)}@keyframes a{0%{transform:translate(30px,0) rotate(30deg);opacity:0}100%{transform:translate(30px,150px) rotate(-50deg);opacity:1}}@keyframes b{0%{transform:translate(50px,0) rotate(-40deg);opacity:0}100%{transform:translate(40px,150px) rotate(80deg);opacity:1}}@keyframes c{0%{transform:translate(70px,0) rotate(10deg);opacity:0}100%{transform:translate(60px,150px) rotate(70deg);opacity:1}}@keyframes d{0%{transform:translate(30px,0) rotate(-50deg);opacity:0}100%{transform:translate(45px,150px) rotate(30deg);opacity:1}}.glow{font-size:80px;color:#fff;text-align:center;font-family:cursive;-webkit-animation:glow 1s ease-in-out infinite alternate;-moz-animation:glow 1s ease-in-out infinite alternate;animation:glow 1s ease-in-out infinite alternate}@-webkit-keyframes glow{from{text-shadow:0 0 10px #fff,0 0 20px #fff,0 0 30px #ff0,0 0 40px #ff0,0 0 50px #ff0,0 0 60px #ff0,0 0 70px #ff0}to{text-shadow:0 0 20px #fff,0 0 30px #ff4da6,0 0 40px #ff4da6,0 0 50px #ff4da6,0 0 60px #ff4da6,0 0 70px #ff4da6,0 0 80px #ff4da6}}@media only screen and (max-width:600px){img.headerImageText{width:80%;height:auto;margin:5%}}@media only screen and (min-width:600px){img.headerImageText{width:80%;height:auto}}\n</style>"}]}},"Initialize_variable:_JS":{"runAfter":{"Initialize_variable:_CSS":["Succeeded"]},"metadata":{"operationMetadataId":"47a29090-4c99-4fa9-98d3-ff1502c715d7"},"type":"InitializeVariable","inputs":{"variables":[{"name":"JS","type":"string","value":"<script>\n\t\t  if ('serviceWorker' in navigator) {\n\t\t\twindow.addEventListener('load', function() {\n\t\t\t  navigator.serviceWorker.register('@{variables('Referer')}&Manifest=2')\n\t\t\t\t.then(function(registration) {\n\t\t\t\t  console.log('Service Worker registered with scope:', registration.scope);\n\t\t\t\t})\n\t\t\t\t.catch(function(error) {\n\t\t\t\t  console.log('Service Worker registration failed:', error);\n\t\t\t\t});\n\t\t\t});\n\t\t  }\n\t\t</script>\n\t\t\n\t\t<script>\n\t\t  let deferredPrompt;\n\n\t\t  window.addEventListener('beforeinstallprompt', (event) => {\n\t\t\t// Prevent the default prompt\n\t\t\tevent.preventDefault();\n\t\t\t// Save the event for later use\n\t\t\tdeferredPrompt = event;\n\t\t\t// Display your custom \"Install App\" button\n\t\t\tshowInstallButton();\n\t\t  });\n\n\t\t  function showInstallButton() {\n\t\t\t// Display your custom \"Install App\" button here\n\t\t\t// For example:\n\t\t\tif (!window.matchMedia('(display-mode: standalone)').matches) {  \n\t\t\t\tconst installButton = document.getElementById('installButton');\n\t\t\t\tinstallButton.style.display = 'block';\n\t\t\t}  \n\t\t\t \n\t\t  }\n\n\t\t  function installApp() {\n\t\t\t// Trigger the \"Install App\" prompt when your custom button is clicked\n\t\t\tif (deferredPrompt) {\n\t\t\t  deferredPrompt.prompt();\n\t\t\t  deferredPrompt.userChoice.then((choiceResult) => {\n\t\t\t\tif (choiceResult.outcome === 'accepted') {\n\t\t\t\t  console.log('User accepted the install prompt');\n\t\t\t\t} else {\n\t\t\t\t  console.log('User dismissed the install prompt');\n\t\t\t\t}\n\t\t\t\t// Clear the deferredPrompt so it can't be triggered again\n\t\t\t\tdeferredPrompt = null;\n\t\t\t  });\n\t\t\t}\n\t\t  }\n\t\t  \n\t\t  showInstallButton();\n\t\t</script>\n\t\t\n\t\t<script>\n\t\t  window.addEventListener('appinstalled', (event) => {\n\t\t\tconsole.log('App was installed:', event);\n\t\t\t// Display a thank you message or handle other post-installation logic\n\t\t  });\n\t\t</script>\n\n\n<script>\n\t\t\n\t\t\n\t\t$(function() {\n\t\t  var ulLi = $('nav ul > li'),\n\t\t\t  fa = $('nav ul > li:last-of-type a .fa');\n\t\t  \n\t\t   $('nav ul').append('<ol></ol>');\n\t\t  \n\t\t   $('nav').each(function() {\n\t\t\t for (var i=0; i <= ulLi.length - 3; i++) {\n\t\t\t   $('nav ul > ol').append(\"<li>\"+ i +\"</li>\");\n\t\t\t   $('nav ul > ol > li').eq(i).html(ulLi.eq(i+1).html());\n\t\t\t }\n\t\t  });\n\n\t\t  $('nav ul > li:last-of-type').on('click', function() {\n\t\t\tfa.toggleClass('fa-bars');\n\t\t\tfa.toggleClass('fa-times');\n\t\t\t$(this).parent().children('ol').slideToggle(500);\n\t\t  });\n\t\t});\n\n\t\t\n\t\t\n\t\t//Overlay till all img loaded\n\t\t$(document).ready(function () {\n\t\t  \n\t\t  var imagesLoaded = 0;\n\t\t  var totalImages = $(\"img\").length;\n\n\t\t  $(\"img\").each(function (idx, img) {\n\t\t\t$(\"<img>\").on(\"load\", imageLoaded).attr(\"src\", $(img).attr(\"src\"));\n\t\t  });\n\n\t\t  function imageLoaded() {\n\t\t\timagesLoaded++;\n\t\t\tif (imagesLoaded == totalImages) {\n\t\t\t  allImagesLoaded();\n\t\t\t}\n\t\t  }\n\n\t\t  function allImagesLoaded() {\n\t\t\tconsole.log(\"ALL IMAGES LOADED\");\n\t\t\tdocument.getElementById(\"overlay\").style.display = \"none\";\n\t\t  }\n\t\t});\t  \n\t\t</script>"}]}},"Initialize_variable:_HTML":{"runAfter":{"Initialize_variable:_JS":["Succeeded"]},"metadata":{"operationMetadataId":"ccecf3fb-8c84-41ca-93a7-1f50021475d5"},"type":"InitializeVariable","inputs":{"variables":[{"name":"HTML","type":"string","value":"<!DOCTYPE html>\n<html>\n\n\t<head>\n\t\n\t\t<meta http-equiv=\"refresh\" content=\"1800\">\n\t\t<meta name=\"author\" content=\"Jonathan Diepering\">\n\t\t<meta name=\"keywords\" content=\"ProgressiveCloudApps, CloudComputing, PWAs, ApplicationDevelopment, HTML, CSS, JavaScript\">\n\t\t<meta name=\"description\" content=\"ProgressiveCloudApps is an open-source framework designed to facilitate the implementation of Progressive Web Apps (PWAs) in cloud applications.\">\n\t\t<meta name=\"viewport\" content=\"width=device-width, initial-scale=1.0\">\n\t\t<meta http-equiv=\"Content-Type\" content=\"text/html; charset=windows-1252\">\n\t\t\n\t\t<title>PCA - Sample App</title>\n\t\t<link rel=\"icon\" type=\"image/x-icon\" href=\"https://drive.google.com/uc?export=view&id=15EV9MhIo7rBlSLqlm2dOf21Oc6qvLcAn\">\n\t\t<link rel=\"manifest\"  crossorigin=\"use-credentials\" href=\"@{variables('Referer')}&Manifest=1\">\n\t\t\n\t\t<script src=\"https://ajax.googleapis.com/ajax/libs/jquery/3.6.1/jquery.min.js\"></script>\t\t\n\t\t\n\n\t<!--CSS-->\n\t@{variables('CSS')}\n\t</head>\n\t\n\t<body>\n\t\n\t\t<div id=\"overlay\">\n\t\t\t<div class=\"loader JS_on\">\n\t\t\t\t<span class=\"binary\"></span>\n\t\t\t\t<span class=\"binary\"></span>\n\t\t\t\t<span class=\"getting-there\">LOADING STUFF...</span>\n\t\t\t</div>\n\t\t\n\t\t</div>\n\t\t\n\t\t<nav>\n\t\t  <ul class=\"sharedbackground\">\n\t\t\t<li>\n\t\t\t<a href=\"https://www.linkedin.com/in/jdiepering/\" style=\"font-weight: 600;\">PCA - Sample App</a>\n\t\t\t</li>\n\t\t\t<li>\n\t\t\t</li>\n\t\t  </ul>\n\t    </nav>\n\t\t\n\t\t<main>\n\t\t\t<div id=\"home\" class=\"container home container-1\">\n\t\t\t\n\t\t\t<div class=\"flip\">\n\t\t\t\t<div id=\"card_front\" class=\"front\">\n\t\t\t\t\t<div class=\"card\">\n\t\t\t\t\t\t<div class=\"card-info\" style=\"background:black; background-image:none\">\n\t\t\t\t\t\t\t\t\t<div id=\"register\" class=\"container\">\n\t\t\t\t\t\t\t\t\t\t<div id=\"emailContent\" style=\"display: flex; flex-direction: column; align-content: center; justify-content: center; align-items: center;\">\n\t\t\t\t\t\t\t\t\t\t\t<img class=\"headerImageText\" src=\"https://drive.google.com/uc?export=view&amp;id=1hEvbdzwpx1JiL2AhRipWRX2aM8t2IMw0\" alt=\"Boost your online Presence!\">\n\t\t\t\t\t\t\t\t\t\t\t<button id=\"installButton\" class=\"button sharedbackground\" style=\"display:none\" onclick=\"installApp()\">Install App</button>\n\t\t\t\t\t\t\t\t\t\t</div>\t\t\n\t\t\t\t\t\t\t\t\t</div>\n\t\t\t\t\t\t</div>\n\t\t\t\t\t</div>\n\t\t\t\t\t</div>\n\t\t\t\t</div>  \t\n\t\t\t\t</div>\n\t\t\t\t\n\t\t\n\t\t</main>\n\n\t\t<!--JS-->\n\t\t@{variables('JS')}\n\t</body>\n\t\n</html>"}]}},"Response":{"runAfter":{"Initialize_variable:_HTML":["Succeeded"]},"metadata":{"operationMetadataId":"ace4f599-0030-468e-b879-0ce999c225b7"},"type":"Response","kind":"Http","inputs":{"statusCode":200,"headers":{"Content-Type":"text/html"},"body":"@variables('HTML')"}},"Condition":{"actions":{"Condition:_Route":{"actions":{"Response:_Manifest.json":{"runAfter":{},"metadata":{"operationMetadataId":"ace4f599-0030-468e-b879-0ce999c225b7"},"type":"Response","kind":"Http","inputs":{"statusCode":200,"headers":{"Content-Type":"application/json","Content-Disposition":"attachment","filename":"manifest.json"},"body":"@variables('Manifest')"}},"Terminate":{"runAfter":{"Response:_Manifest.json":["Succeeded"]},"metadata":{"operationMetadataId":"b85d47dd-d75c-4019-8681-a5d3f70674a3"},"type":"Terminate","inputs":{"runStatus":"Succeeded"}}},"runAfter":{},"expression":{"equals":["@int(triggerOutputs()?['queries']?['Manifest'])",1]},"metadata":{"operationMetadataId":"694d9f0e-cd65-49bd-b3db-3d157860da2c"},"type":"If"},"Condition:_Route_2":{"actions":{"Response:_ServiceWorker.js":{"runAfter":{},"metadata":{"operationMetadataId":"ace4f599-0030-468e-b879-0ce999c225b7"},"type":"Response","kind":"Http","inputs":{"statusCode":200,"headers":{"Content-Type":"application/javascript","Content-Disposition":"attachment","filename":"manifest.json"},"body":"@variables('ServiceWorker')"}},"Terminate_2":{"runAfter":{"Response:_ServiceWorker.js":["Succeeded"]},"metadata":{"operationMetadataId":"9f87c0a9-ae24-4a84-9fca-74d2be6165cd"},"type":"Terminate","inputs":{"runStatus":"Succeeded"}}},"runAfter":{"Condition:_Route":["Succeeded"]},"expression":{"equals":["@int(triggerOutputs()?['queries']?['Manifest'])",2]},"metadata":{"operationMetadataId":"694d9f0e-cd65-49bd-b3db-3d157860da2c"},"type":"If"}},"runAfter":{"Initialize_variable:_ServiceWorker.js":["Succeeded"]},"expression":{"equals":["@if(empty(triggerOutputs()?['queries']?['Manifest']), false, true)","@true"]},"metadata":{"operationMetadataId":"bb10b985-e57f-453d-92bc-4c15f152e237"},"type":"If"},"Initialize_variable:_Referer":{"runAfter":{},"metadata":{"operationMetadataId":"865908b6-3ba2-4926-91b7-1101dc5f1cf2"},"type":"InitializeVariable","inputs":{"variables":[{"name":"Referer","type":"string","value":"https://prod-09.southafricanorth.logic.azure.com:443/workflows/1ec3164083f24c9689ac9ee9c4a2e2bd/triggers/manual/paths/invoke?api-version=2016-06-01&sp=%2Ftriggers%2Fmanual%2Frun&sv=1.0&sig=efXQq1hmlplheih_WICWN0PWtY5SH8Wg2vgoQ5s6UCA"}]},"description":"Replace this value with the generated HTTP GET URL"}},"outputs":{}},"connectionReferences":{},"flowFailureAlertSubscribed":false,"isManaged":false}}